01	nQKWYmrixCU	The Twisted Psychology Behind Top 1% Apps	718
02	HA4yB_sd62Q	The Weird Design Playbook of 6 App Outliers	706
03	BxhsCu9hNpY	Why Leaderboards Kill App Retention (How To Fix It)	312
04	MAvKHToGiVY	How Top 1% Indie Apps Beats Giants	591
05	Aa89MC8jX2c	How To Solve The App Onboarding Paradox	301
06	sYRhXB_ZcLI	I Studied 10,000 Paywall Screens (THIS Makes People Pay)	723
07	LXX_qOA5D8E	I Studied 500+ Gamified Apps (Here's What Actually Works)	753
08	7dCZrtH15zc	How a Chinese Unicorn App Out-Addicts Netflix	700
09	yBpv5rZoBjA	How To Scientifically Design Addictive Apps	891
10	uoLpH_20qKw	The 3-Stage Trick Behind Every Addictive App	657
11	ZXWUg1e1PAs	Why Most SaaS Companies Will Die in 2026	756
12	wmTkiF23GRQ	Our World Class App Design Formula	885
13	yYs7iv81Ppk	The New Way Apps Dominate in 2026	762
14	AnL49w4yIOw	How Addictive Apps Are Made	815
15	v1f9iYZ2GhQ	Give Me 13 Minutes & I'll Grow Your App	786
16	hIm3d3JAsPw	How Netflix Made Us All Binge (Design Breakdown)	719
17	Tpg0pxKHrCA	Viral Design Tricks from Spotify (Founder Playbook)	907
18	doiaMtD80p8	What Founders Can Learn From Apple's Design Domination	851
19	11h4H3TAGkM	The Tiny Design Rule Behind Top 1% Apps	691
20	zRUoPIwCxfw	The Future of App Design is Invisible	677
21	4yKtlOWClhA	How Tinder's Design Hacked Society	786
22	55hDj88zKa8	The Hidden App Growth Killer (How To Avoid It)	542
23	puldme__Ckk	Copy These SaaS Growth Tricks (It'll Blow Up Your Business)	609
24	D9SXaj6qQIQ	How Top 1% Apps Keep You Hooked	524
25	bOm9GDv96Tk	Do Companies Really Need Designers Anymore?	501
26	Du2lkZ_cux8	The Secret Behind Weirdly Addictive Apps	721
27	TIfiy1fodDs	Give Me 10 Minutes & I'll Boost Your Website Conversions	641
28	eWGNjTLK84c	How Raycast Reached a $100M+ Valuation (As a Small Startup)	680
29	qmJVN2158Mk	5 Tools I Wish I Found Sooner (For Designers)	474
30	86PGRyQjdzQ	4 levels of UI/UX design (and BIG mistakes to avoid)	934
